<?xml version="1.0" encoding="UTF-8"?>
<project-private xmlns="http://www.netbeans.org/ns/project-private/1">
    <editor-bookmarks xmlns="http://www.netbeans.org/ns/editor-bookmarks/2" lastBookmarkId="0"/>
    <open-files xmlns="http://www.netbeans.org/ns/projectui-open-files/2">
        <group>
            <file>file:/C:/Users/Mateo%20Valencia/OneDrive/Escritorio/Labodatos3/GraphMaker-main/GraphMaker-main/src/graphmaker/Maker.java</file>
            <file>file:/C:/Users/Mateo%20Valencia/OneDrive/Escritorio/Labodatos3/GraphMaker-main/GraphMaker-main/src/graphmaker/crear.java</file>
            <file>file:/C:/Users/Mateo%20Valencia/OneDrive/Escritorio/Labodatos3/GraphMaker-main/GraphMaker-main/src/graphmaker/Grafo.java</file>
            <file>file:/C:/Users/Mateo%20Valencia/OneDrive/Escritorio/Labodatos3/GraphMaker-main/GraphMaker-main/src/graphmaker/Lienzo.java</file>
            <file>file:/C:/Users/Mateo%20Valencia/OneDrive/Escritorio/Labodatos3/GraphMaker-main/GraphMaker-main/src/graphmaker/Conectar.java</file>
            <file>file:/C:/Users/Mateo%20Valencia/OneDrive/Escritorio/Labodatos3/GraphMaker-main/GraphMaker-main/src/graphmaker/vertices.java</file>
        </group>
    </open-files>
</project-private>
